{"cameraMode":{"drawMode":0,"name":"Shaded","section":"Shading Mode"},"sceneLighting":false,"audioPlay":false,"sceneViewState":{"m_AlwaysRefresh":false,"showFog":true,"showSkybox":false,"showFlares":true,"showImageEffects":true,"showParticleSystems":true,"showVisualEffectGraphs":true,"m_FxEnabled":true},"in2DMode":false,"pivot":{"x":10.279999732971192,"y":10.760000228881836,"z":-5.402497291564941},"rotation":{"x":-0.11936164647340775,"y":0.8723581433296204,"z":-0.26469558477401736,"w":-0.39334359765052798},"size":0.8660253882408142,"orthographic":false}