{"cameraMode":{"drawMode":0,"name":"Shaded","section":"Shading Mode"},"sceneLighting":false,"audioPlay":false,"sceneViewState":{"m_AlwaysRefresh":false,"showFog":true,"showSkybox":false,"showFlares":true,"showImageEffects":true,"showParticleSystems":true,"showVisualEffectGraphs":true,"m_FxEnabled":true},"in2DMode":false,"pivot":{"x":1.1610000133514405,"y":0.29899999499320986,"z":0.11999998986721039},"rotation":{"x":-0.06705249100923538,"y":-0.053899310529232028,"z":0.0037190380971878769,"w":-0.9963552355766296},"size":0.025980744510889055,"orthographic":false}