{"cameraMode":{"drawMode":0,"name":"Shaded","section":"Shading Mode"},"sceneLighting":true,"audioPlay":false,"sceneViewState":{"m_AlwaysRefresh":false,"showFog":true,"showSkybox":true,"showFlares":true,"showImageEffects":true,"showParticleSystems":true,"showVisualEffectGraphs":true,"m_FxEnabled":true},"in2DMode":false,"pivot":{"x":2.795130968093872,"y":2.098356246948242,"z":11.68138313293457},"rotation":{"x":-0.06705249100923538,"y":-0.053899310529232028,"z":0.0037190380971878769,"w":-0.9963552355766296},"size":12.07414722442627,"orthographic":false}