{"cameraMode":{"drawMode":0,"name":"Shaded","section":"Shading Mode"},"sceneLighting":true,"audioPlay":false,"sceneViewState":{"m_AlwaysRefresh":false,"showFog":true,"showSkybox":true,"showFlares":true,"showImageEffects":true,"showParticleSystems":true,"showVisualEffectGraphs":true,"m_FxEnabled":true},"in2DMode":false,"pivot":{"x":10.279998779296875,"y":10.260000228881836,"z":-5.402497291564941},"rotation":{"x":-0.08992545306682587,"y":-0.8937180638313294,"z":0.2073776125907898,"w":-0.38758015632629397},"size":14.150971412658692,"orthographic":false}