{"cameraMode":{"drawMode":0,"name":"Shaded","section":"Shading Mode"},"sceneLighting":true,"audioPlay":false,"sceneViewState":{"m_AlwaysRefresh":false,"showFog":true,"showSkybox":true,"showFlares":true,"showImageEffects":true,"showParticleSystems":true,"showVisualEffectGraphs":true,"m_FxEnabled":true},"in2DMode":false,"pivot":{"x":0.065277598798275,"y":1.1479525566101075,"z":-0.11409016698598862},"rotation":{"x":-0.009081865660846234,"y":-0.9858255982398987,"z":0.15808115899562837,"w":-0.05650728568434715},"size":0.43720805644989016,"orthographic":false}