{"cameraMode":{"drawMode":0,"name":"Shaded","section":"Shading Mode"},"sceneLighting":true,"audioPlay":false,"sceneViewState":{"m_AlwaysRefresh":false,"showFog":true,"showSkybox":true,"showFlares":true,"showImageEffects":true,"showParticleSystems":true,"showVisualEffectGraphs":true,"m_FxEnabled":true},"in2DMode":false,"pivot":{"x":0.6282069683074951,"y":0.13497120141983033,"z":-0.9501357078552246},"rotation":{"x":-0.13805274665355683,"y":-0.04014836624264717,"z":0.005544906482100487,"w":-0.9896376729011536},"size":0.4813498258590698,"orthographic":false}